-- phpMyAdmin SQL Dump
-- version 5.1.0
-- https://www.phpmyadmin.net/
--
-- Хост: 127.0.0.1:3306
-- Время создания: Янв 15 2022 г., 23:07
-- Версия сервера: 8.0.24
-- Версия PHP: 7.1.33

SET SQL_MODE = "NO_AUTO_VALUE_ON_ZERO";
START TRANSACTION;
SET time_zone = "+00:00";


/*!40101 SET @OLD_CHARACTER_SET_CLIENT=@@CHARACTER_SET_CLIENT */;
/*!40101 SET @OLD_CHARACTER_SET_RESULTS=@@CHARACTER_SET_RESULTS */;
/*!40101 SET @OLD_COLLATION_CONNECTION=@@COLLATION_CONNECTION */;
/*!40101 SET NAMES utf8mb4 */;

--
-- База данных: `phpshop`
--

-- --------------------------------------------------------

--
-- Структура таблицы `category`
--

CREATE TABLE `category` (
  `id` int NOT NULL,
  `name` varchar(255) NOT NULL,
  `sort_order` int NOT NULL DEFAULT '0',
  `status` int NOT NULL DEFAULT '1'
) ENGINE=InnoDB DEFAULT CHARSET=utf8mb3;

--
-- Дамп данных таблицы `category`
--

INSERT INTO `category` (`id`, `name`, `sort_order`, `status`) VALUES
(1, 'Ноутбуки', 1, 1),
(2, 'Смартфоны', 2, 1),
(3, 'Планшеты', 3, 1);

-- --------------------------------------------------------

--
-- Структура таблицы `product`
--

CREATE TABLE `product` (
  `id` int NOT NULL,
  `name` varchar(255) NOT NULL,
  `category_id` int NOT NULL,
  `code` int NOT NULL,
  `price` float NOT NULL,
  `availability` int NOT NULL,
  `brand` varchar(255) NOT NULL,
  `description` text NOT NULL,
  `is_new` int NOT NULL DEFAULT '0',
  `is_recommended` int NOT NULL DEFAULT '0',
  `status` int NOT NULL DEFAULT '1'
) ENGINE=InnoDB DEFAULT CHARSET=utf8mb3;

--
-- Дамп данных таблицы `product`
--

INSERT INTO `product` (`id`, `name`, `category_id`, `code`, `price`, `availability`, `brand`, `description`, `is_new`, `is_recommended`, `status`) VALUES
(1, 'Ноутбук MSI GF63 Thin 10UC', 1, 105079, 1086, 1, 'MSI', 'Ноутбук MSI GF63 Thin\r\n\r\nАдаптация к переменам – способ выжить в условиях жесткой конкуренции и стать еще лучше. Выбирайте игровой ноутбук MSI, оснащенный процессором 10-го поколения Intel Core i5 и видеокартой GeForce RTX – станьте лидерами нового витка эволюции!\r\nСкоростной прорыв\r\n\r\nПроцессор 10-го поколения Intel Core i5 обеспечивает 15% прирост производительности по сравнению со своим предшественником. Повышенная частота в однопоточном режиме будет особенно полезной для игр.\r\nНизкая температура под высокими нагрузками\r\n\r\nОптимизированная система охлаждения обеспечивает тихую работу и низкую температуру при высоких нагрузках, что делает данное устройство идеальным для любой обстановки.\r\n\r\nТонкорамочный дисплей IPS-уровня\r\n\r\nДисплей с великолепными скоростными характеристиками обеспечит превосходное изображение в динамичных компьютерных играх.\r\nТонкий и лёгкий алюминиевый корпус\r\n\r\nМеталлическая поверхность крышки и области вокруг клавиатуры, уникальная вентиляция в нижней панели в форме буквы X.\r\nИстинное звучание музыки\r\n\r\nПогрузитесь в мир безупречного звука с помощью аудиосистемы с поддержкой форматов высокого разрешения Hi-Res Audio. Слушайте музыку в таком виде, в каком ее хотели представить исполнители!\r\nЗавораживающий звук\r\n\r\nУлучшение пространственного звука в играх и гибкая настройка параметров звучания для музыки, фильмов и голосовой связи.\r\nПриложение MSI App Player\r\n\r\nРазработанное в эксклюзивном партнерстве с компанией BlueStacks приложение MSI App Player наделяет компьютеры и ноутбуки MSI возможностью запускать мобильные игры – с великолепным качеством изображения и поддержкой дополнительных функций, например, настройкой подсветки клавиатуры в соответствии с текущей игрой.\r\n', 1, 1, 1),
(2, 'Ноутбук Lenovo IdeaPad 5 14ALC05 (82LM0031RK)', 1, 1417108, 623, 1, 'Lenovo ', 'Этот ноутбук Lenovo IdeaPad 5 14ALC05 (82LM0031RK) создан для тех, кто хочет получить надежное и производительное компьютерное устройство с наиболее востребованным функционалом. Данная модель полностью удовлетворяет данные требования. Надежный накопитель предоставляет вам возможности для долговременного хранения необходимой виртуальной информации. Устройство оборудовано веб-камерой и микрофоном, благодаря которым вы сможете организовывать видеоконференции с партнерами по бизнесу и коллегами по работе.', 1, 0, 1),
(3, 'Ноутбук HP 250 G7 (197T8EA)', 1, 1275241, 916, 1, 'Hewlett Packard', 'Ноутбук HP 250 G7 отличается выгодной ценой и позволяет всегда оставаться на связи. Он объединяет в себе технологии Intel и все необходимое для совместной работы. Прочный корпус ноутбука надежно защищает его от повреждений при переноске.\r\n\r\nМобильный и надежный\r\nБудьте уверены - HP 250 G7 способен выполнять срочные задачи на ходу. Прочный корпус обеспечивает надежную защиту ноутбука и придает ему деловой внешний вид.\r\n\r\nВсе необходимые разъемы и слоты\r\nБыстрое подключение к периферийным устройствам в офисе или дома с помощью традиционных разъемов. Ноутбук HP 250 оснащен слотом для карт памяти SD. С его помощью можно удобно переносить данные и сохранять их резервные копии.\r\n\r\nШирокие возможности подключения\r\nОцените высокую скорость передачи данных благодаря комбинированному модулю с поддержкой Bluetooth 4.2 для подключения к локальной сети Gigabit или беспроводной локальной сети Wi-Fi.', 1, 1, 1),
(4, 'Ноутбук HP 255 (2W8T8EA)', 1, 1375401, 518, 1, 'Hewlett Packard', 'Будьте всегда на связи - этот полнофункциональный ноутбук HP 255 в модернизированном облегченном корпусе удобно брать с собой куда угодно. Благодаря высокопроизводительному процессору AMD и полному набору инструментов для совместной работы вы сможете эффективнее решать любые задачи.\r\nВам нравится современный мобильный стиль работы? Ноутбук HP 255 в тонком и легком корпусе - ваш идеальный выбор. На великолепном экране с узкими рамками и большим соотношением размеров экрана и корпуса у вас будет достаточно места и для работы, и для просмотра потоковых трансляций.\r\nУспешно справляйтесь с самыми сложными проектами благодаря мощным процессорам AMD и широкому выбору быстродействующей памяти и накопителей.\r\nЭтот ноутбук разработан с учетом всех потребностей бизнеса - порт USB Type-C обеспечивает высокую скорость передачи данных, а наличие разъемов RJ-45 и HDMI позволяет подключить все необходимые периферийные устройства.\r\nБлагодаря Windows 10 Pro, а также мощным средствам безопасности, функциям совместной работы и возможностям подключения от HP вы сможете легко справиться с любыми задачами.\r\nВстроенный модуль безопасности Trusted Platform Module (TPM) создает ключи аппаратного шифрования для защиты информации, электронной почты и учетных данных пользователя.\r\nНекоторые вопросы можно решить только в личной беседе. Благодаря камере HP HD с широким динамическим диапазоном вы всегда будете выглядеть наилучшим образом на виртуальных встречах даже при слабом или очень ярком освещении.', 0, 0, 1),
(5, 'Ноутбук Dell Vostro 3400 (3400-4586)', 1, 1405250, 636, 0, 'Dell ', 'Dell Vostro 3400 оборудован 14-дюймовым экраном, производительным процессором Intel Core i3 1115G4 (Tiger Lake) 3 ГГц, отличной видеокартой Intel UHD Graphics. Модель Vostro 3400 привлекательна для покупателей, часто пользующихся ноутбуком как в помещении, так и вне его. Ноутбуки Dell Vostro привлекательны для покупателей благодаря большому выбору конфигураций, приемлемой цене и исключительному качеству продукции.', 0, 0, 1),
(6, 'Ноутбук MSI GE66 Raider 10UH-417RU (9S7-154214-417)', 1, 1422344, 3855, 1, 'MSI', 'Игровой ноутбук MSI GE66 снабжен качественным 15.6-дюймовым экраном, производительным процессором Intel Core i7 10870H (Comet Lake) 2.2 ГГц, имеет эффективную систему охлаждения, производительную видеокарту NVIDIA GeForce RTX 3080 для ноутбуков. Модель MSI GE66 популярна среди пользователей как часто играющих за ноутбуком, так и работающих с графическими приложениями. Игровые ноутбуки MSI GE66 привлекательны для покупателей благодаря большому выбору конфигураций, исключительному качеству товаров и приемлемой цене.', 1, 1, 1),
(7, 'Ноутбук Apple MacBook Air 13 MGN93RU/A)', 1, 1303887, 1325, 1, 'Apple', 'С появлением чипа Apple M1 наш самый тонкий и легкий ноутбук полностью преобразился. Центральный процессор теперь работает до 3,5 раза быстрее. Графический - до 5 раз. А благодаря нашей передовой системе Neural Engine скорость машинного обучения возросла до 9 раз. Новый MacBook Air работает без подзарядки дольше, чем предыдущие модели. И совсем не шумит, потому что у него нет вентилятора. Мощность еще никогда не была такой компактной.\r\n\r\nВстречайте. Наш первый чип, разработанный специально для Mac. Поразительно, но система на чипе Apple M1 вмещает 16 миллиардов транзисторов и объединяет центральный и графический процессоры, систему Neural Engine, контроллеры ввода-вывода и множество других компонентов. Чип Apple M1 позволяет использовать на Mac уникальные технологии и обеспечивает невероятную производительность в сочетании с лучшей в отрасли энергоэффективностью.1 Это не просто еще один шаг для Mac - это принципиально новый уровень возможностей.\r\n\r\nОперационная система macOS Big Sur разработана с расчетом на огромный потенциал чипа M1. Значительно обновленные приложения. Стильный новый дизайн. И передовые функции безопасности и защиты данных. Новая операционная система - это невероятно мощное программное обеспечение, созданное для нашего самого продвинутого оборудования.\r\n\r\nЧип M1 и операционная система macOS Big Sur слаженно работают вместе, обеспечивая высокое быстродействие компьютера. MacBook Air моментально выходит из режима сна. Меньше времени тратится на повседневные задачи: страницы в Safari и фотографии отображаются мгновенно. И даже для самых мощных приложений всегда достаточно ресурсов.\r\n\r\nНа дисплее Retina с диагональю 13,3 дюйма и разрешением 2560x1600 пикселей изображения выглядят более детально и реалистично. Тексты стали еще четче, а цвета - ярче. Стекло дисплея доходит до самого края корпуса, поэтому ничто не отвлекает от великолепного изображения.\r\n\r\nГлаз отдыхает и радуется. MacBook Air автоматически подстраивает баланс белого под окружающее освещение, чтобы изображение на экране выглядело более естественно.\r\n\r\nПроцессор обработки сигнала изображения, встроенный в чип M1, обеспечит отличную картинку во время видеоконференций и видеозвонков по FaceTime. А благодаря трем встроенным микрофонам ваши слова будут отчетливо слышны, когда вы звоните, диктуете заметку\r\nили обращаетесь к Siri.\r\n\r\nИзображения стали еще более четкими, качество передачи деталей в темных и светлых областях - более высоким. А функция распознавания лиц, благодаря системе Neural Engine, автоматически корректирует баланс белого и экспозицию, помогая добиться более точной передачи оттенков кожи.\r\n\r\nНа этой клавиатуре не только легко и приятно печатать. Все ее возможности - настоящее чудо. Заранее заданные сочетания клавиш обеспечивают быстрый доступ к полезным функциям. Обращайтесь к Siri, переключайте язык клавиатуры, выбирайте подходящие эмодзи, находите документы при помощи Spotlight - все в одно касание. А подсветка клавиш и датчик внешней освещенности помогут печатать, когда станет темно.\r\n\r\nБлокируйте и разблокируйте MacBook Air одним касанием. Используйте аутентификацию по отпечатку пальца, чтобы взять напрокат фильм, купить приложение или получить доступ к защищенному контенту - например, документам или настройкам устройства. Вводить пароль не понадобится. А когда вы оплачиваете онлайн-покупки с Apple Pay, при использовании Touch ID ваши платежные данные и адрес доставки подставляются в нужные поля автоматически. При этом данные банковской карты никуда не передаются.\r\n\r\nWi-Fi нового поколения не просто работает быстрее, но и позволяет MacBook Air не снижать эффективность обмена данными по мере того, как к сети подключается все больше устройств.\r\n\r\nВысочайшая пропускная способность сочетается с широкой функциональностью. Порт Thunderbolt можно использовать и для передачи данных, и для зарядки, и для вывода видео. У MacBook Air два таких порта.', 1, 1, 1),
(8, 'Ноутбук Acer Aspire 3 A315-42-R5L9 (NX.HF9ER.03K)', 1, 1295476, 858, 1, 'Acer', 'Acer Aspire 3 - ноутбук начального уровня обеспечивает всю необходимую производительность, будь то дома, в школе или на работе. Благодаря достаточной мощности и памяти AMD все ваши приложения будут работать плавно.\r\n\r\nБольше экранного пространства\r\nБлагодаря потрясающему 15,6-дюймовому экрану с разрешением Full HD и узкой рамкой пользователям доступно больше экранного пространства. Технология Acer BlueLightShield позволяет снизить воздействие вредного синего света.\r\n\r\nПростая конструкция\r\nПрактичная конструкция была уменьшена, чтобы обеспечивать больше портативности.\r\n\r\nВозможности скоростного подключения\r\nПолучайте актуальную информацию благодаря широким возможностям подключения. Двухдиапазонный модуль Wi-Fi 5 (802.11ac) обеспечивает быстрый доступ в Интернет. Ноутбук также оснащен оптимизированной камерой и микрофонами для повышения качества видеоконференций.\r\n\r\nНовейшие технологии передачи данных\r\nГибкие возможности подключения благодаря 3 портам USB. Также можно подключить внешний дисплей через порт HDMI.', 1, 1, 1),
(9, 'Ноутбук Asus Pro P1440FA-FA2079 (90NX0212-M26420)', 1, 1249704, 604, 1, 'Asus ', 'Ноутбук ASUSPRO P1440FA-FA2079 (90NX0212-M26420) — отличный выбор для решения бизнес задач.Жидко-кристаллическая TN матрица с диагональю 14\' и разрешением FHD (1920×1080 / 16:9) имеет матовое покрытие, отлично отображает графику и текст. Современный 4 ядерный процессор Intel Core i5-10210U с тактовой частотой 1600 Мгц обеспечивает достаточную производительность с невысоким энергопотреблением. В базовой комплектации установлено 8 Гб памяти DDR4 non-ECC которую, в случае необходимости, можно расширить до 20Gb. Ноутбук оснащен накопителем SSD 256Gb, который обеспечивает надежное хранение и быстрый доступ к программам, документам и фотографиям. Встроенная интегрированная видеокарта Intel UHD Graphics, позволяет эффективно работать с графикой и видео. Корпус ноутбука имеет серый цвет, и выполнен из металла/пластика. Небольшой вес ноутбука 1.6 кг позволяет работать с ним как дома или в офисе, так и брать его в дорогу.', 1, 1, 1),
(10, 'Ноутбук Honor MagicBook Pro (53011MAL)', 1, 1381459, 1238, 1, 'Honor', 'Широкий обзор благодаря экрану 16.1 дюйма\r\nБезрамочный IPS экран\r\nHONOR MagicBook Pro с антибликовым покрытием и разрешением 1080P Full HD\r\nимеет полезную площадь 90%.\r\nЯркие цвета и кристально чистое\r\nизображение\r\nHONOR MagicBook Pro обеспечивают точную цветопередачу\r\nдля максимального наслаждения во время просмотра контента. Функция\r\nзащиты зрения фильтрует 30% вредоносного УФ излучения.\r\nПолированый\r\nметаллический корпус\r\nЭргономичный ноутбук HONOR MagicBook Pro\r\nоснова которого - прочный корпус из алюминиевого сплава высокого\r\nкачества, прослужит вам максимальное долгое время.\r\nВысокая\r\nпроизводительность\r\nМожный ноутбук HONOR MagicBook Pro, оснащенный\r\nпроцессором Intel core i5 10210U. Производительный процессор повышает\r\nскорость отклика ноутбука на 16% по сравнениями с процессорами прошлого\r\nпоколения.', 1, 1, 1),
(11, 'Смартфон Apple iPhone 11 64 ГБ желтый (MWLW2RU/A)', 2, 1085567, 787, 1, 'Apple', 'iPhone 11 — новый 6,1-дюймовый смартфон Apple, который был представлен на презентации 10 сентября 2019 года. Смартфон оснащен уникальным жидкокристаллическим дисплеем Liquid Retina, процессором Apple A13 Bionic, системой из двух 12-мегапиксельных камер с поддержкой специального ночного режима, улучшенной защитой от воды, стереодинамиками с пространственным звуком и множество других особенностей.\r\n\r\nКлючевые характеристики iPhone 11\r\n.\r\n— Корпус из цельного стекла, прошедшего закалку методом двойного ионного обмена.\r\n— 6,1-дюймовый ЖК-дисплей Liquid Retina HD с разрешением 1792×828 пикселей (326 ppi). Максимальная яркость — 625 кд/м#.\r\n— Процессоре Apple A13 Bionic — самый мощный мобильный чип в истории.\r\n— Двойная камера: широкоугольная 12 Мп (f/1.8) и сверхширокоугольная 12 Мп (f/2.4) с углом обзора 120 градусов.\r\n— Обновленная более яркая вспышка True Tone.\r\n— Улучшенная фронтальная камера TrueDepth с разрешением 12 Мп (f/2.2).\r\n— Время автономной работы — до 26 часов в режиме разговора (до часа дольше по сравнению с iPhone XR).\r\n— Поддержка технологии быстрой зарядки (50% за 30 минут).\r\n— Улучшенная защита от попадания воды и пыли по стандарту IP68 (погружение на глубину до двух метров до 30 минут).\r\n— Объем памяти: 64 ГБ.\r\n— Габариты 150,9×75,7×8,3 мм.', 1, 1, 1),
(12, 'Смартфон Apple iPhone SE 64 ГБ красный (MHGR3RU/A)', 2, 1426775, 499, 1, 'Apple', 'Все, как вы любите.Классический компактный дизайн, самый мощный процессор iPhone и масса других достоинств. iPhone SE создан, чтобы стать вашим идеальным смартфоном.\r\n\r\nКрасота в каждой детали.\r\nВеликолепный дисплей Retina HD 4,7 дюйма. Скорость и безопасность Touch ID. Защита от воды при погружении на глубину до 1 метра на 30 минут. Все это в тонком и легком корпусе.\r\n\r\niPhone 11 Pro, спасибо за процессор.\r\nПроцессор A13 Bionic - самый быстрый в линейке iPhone. Приложения, игры и все остальное работает с невероятной скоростью.\r\n\r\nПортретный режим всем к лицу.\r\nПередовые камеры и процессор A13 Bionic работают вместе, чтобы у вас получались красивые снимки с художественно размытым фоном, - в том числе селфи.\r\n\r\nСмотрите в подробностях.\r\nВидео 4K обеспечивает разрешение до четырех раз выше, чем Full HD. А функция QuickTake позволяет быстро перейти от фотосъемки к записи видео - просто нажмите и удерживайте кнопку затвора.\r\n\r\nНеутомимый аккумулятор.\r\nШоу продолжается. На iPhone SE вы сможете смотреть видео 13 часов без подзарядки.\r\n\r\nВстроенная защита данных.\r\nСоздавая свои продукты, компания Apple прежде всего заботится о том, чтобы защитить вашу личную информацию и предоставить вам контроль над ней. Иногда это бывает непросто. Но Apple верит: инновации в этой сфере стоят усилий.\r\n', 0, 0, 1),
(13, 'Смартфон Apple iPhone 13 Pro 128 ГБ графит (MLW13RU/A)', 2, 1455892, 1392, 1, 'Apple', 'iPhone 13 Pro создан для съемки при слабом освещении. Широкоугольная камера с увеличенной диафрагмой и нашей самой большой матрицей использует возможности сканера LiDAR для портретов в Ночном режиме. У сверхширокоугольной камеры с новым автофокусом диафрагма стала значительно больше, а матрица - быстрее. А у телефотокамеры появился Ночной режим.\r\nЗум идет вперед\r\nУ новой телефотокамеры фокусное расстояние 77 мм и трехкратный оптический зум - идеальные параметры для классических портретных кадров или съемки фото и видео издалека. А если объект находится вблизи, можно настраивать степень размытия фона и экспериментировать с эффектами студийного освещения в Портретном режиме.\r\nФокус переводится. Эффект производится\r\nТеперь iPhone может снимать видео с малой глубиной резкости и делать плавный автоматический перевод фокуса с объекта на объект. Режим Киноэффект распознает, когда новый объект готов появиться в кадре, и сразу же переводит фокус на него - ваше видео становится еще выразительнее. Перевести фокус на другой объект или отрегулировать бокэ можно и после съемки. Попробуйте, нам очень интересно, что у вас получится.\r\nПредставляем фотографические стили\r\nФотографические стили позволяют применить к вашим кадрам выбранные параметры тона и теплоты. При этом оттенки неба и кожи остаются естественными - достичь такого эффекта с обычными фильтрами не получится. Выберите шаблон Apple: Красочный, Насыщенный контрастный, Теплый или Прохладный. Если захотите, можно выставить более точные параметры для нужного стиля. Настроить стиль съемки по вашему вкусу достаточно один раз, и он будет применяться автоматически.\r\nЭто первый смартфон, на котором можно полностью снять и отредактировать фильм в формате ProRes или в стандарте Dolby Vision\r\nProRes подразумевает высокую четкость изображения и низкую степень сжатия. Поэтому прямо на ходу вы можете создавать видеоконтент, готовый к публикациям и презентациям. Теперь проект в ProRes можно начать и закончить прямо на iPhone. Или открыть видео с iPhone в формате ProRes прямо в Final Cut Pro на Mac.\r\nSmart HDR 4 оптимизирует сцену по частям\r\nТехнология Smart HDR 4 использует вычислительную мощность Neural Engine для машинного обучения и настройки индивидуальных параметров для нескольких человек в кадре. Наше программное обеспечение совместно с процессором обработки сигнала изображения автоматически регулирует контрастность, освещение и оттенок кожи для каждого человека. Чтобы все получились просто идеально.\r\nDeep Fusion анализирует каждый пиксель мультиэкспозиции\r\nЕсли в кадре недостаточно света, на помощь приходит технология Deep Fusion. Вместе с системой Neural Engine она анализирует все пиксели изображения, снятого с различными экспозициями. Из самых удачных областей формируется финальное изображение, в котором максимум деталей и самые тончайшие текстуры.\r\nНичего себе селфи\r\nПроцессор A15 Bionic и камера TrueDepth также обеспечивают работу Face ID, исключительно надежной технологии аутентификации.\r\nПривет, ProMotion\r\nДисплей с адаптивной частотой обновления до 120 Гц - прикоснитесь и удивитесь.\r\nЧастота обновления для нового дисплея Super Retina XDR с технологией ProMotion может изменяться от 10 до 120 раз в секунду. Она автоматически становится выше, когда вам требуется быстрая обработка графики, и снижается при выполнении других задач для экономии энергии. Частота обновления зависит даже от скорости движения вашего пальца при прокрутке контента. Почувствуйте разницу.\r\nСерьезный подход к игре\r\nСпособность дисплея обновляться с частотой до 120 Гц в сочетании с потрясающей графической производительностью нового 5-ядерного графического процессора на базе чипа A15 Bionic делают iPhone 13 Pro незаменимым устройством для настоящих геймеров.\r\nСверхбыстрая система Neural Engine обрабатывает до 15.8 триллиона операций в секунду и обеспечивает работу режима Киноэффект, технологии Smart HDR 4 и многих других функций.\r\nОбновленный процессор обработки сигнала изображения уменьшает шумы и настраивает тональную компрессию на совершенно новом уровне.\r\nНа связи. В моменте\r\nВ iOS 15 вы можете делиться с собеседниками фильмами, музыкой и другим контентом с вашего экрана прямо во время разговора по FaceTime. Уведомления легко настроить так, чтобы видеть только актуальные на данный момент и фокусироваться на главном. А чтобы мгновенно отправить электронное письмо, сделать звонок или проложить маршрут, достаточно коснуться соответствующего текста на фо--##.\r\nВаши данные под защитой\r\niPhone дает вам возможность полностью контролировать свои личные данные и доступ к ним. Наглядная информация о конфиденциальности помогает выбирать приложения в зависимости от того, как они используют ваши данные. Приложения должны получить разрешение пользователя, прежде чем начать отслеживать его действия в сторонних приложениях и на сайтах. И это только начало.\r\nЦелый телефон развлечений\r\nСлушайте онлайн песни, альбомы и подборки от наших музыкальных редакторов. Смотрите сериалы, о которых все говорят. Открывайте для себя увлекательные новые игры. Сервисы Apple - это самый интересный контент, который всегда у вас под рукой. А Apple One объединяет их все в формате удобной единой подписки.\r\nМагия умножается\r\nВсе, за что вы любите iPhone, работает еще лучше вместе с Mac, iPad и Apple Watch - автоматически, как по волшебству. Вы можете отвечать на звонки с любого удобного устройства. Делать на iPhone фотографии, которые будут тут же появляться на Mac. И читать любые сообщения на всех ваших устройствах. Проще простого.', 1, 1, 1),
(14, 'Смартфон Apple iPhone 13 128 ГБ голубой (MLP13RU/A)', 2, 1455912, 1113, 1, 'Apple', 'Оцените самую продвинутую систему из двух камер 12 Мп, суперспособности чипа A15 Bionic, возросшую автономность аккумулятора и новый взгляд на прочность и вопросы личной безопасности. Встречайте новый iPhone 13.\r\nПрочности и стиля много не бывает\r\nПередняя панель Ceramic Shield и задняя панель из стекла теперь стали еще прочнее. Корпус из алюминия делает конструкцию надежной и устойчивой к непредвиденным ситуациям. Защита корпуса от воды уровня IP68 позволяет пережить погружение на глубину до 6 метров без последствий. Пять роскошных цветов на выбор дают возможность найти идеальный вариант для каждого.\r\nПо диагонали даже лучше\r\nИнновационная схема расположения системы из двух камер по диагонали позволила использовать увеличенную матрицу для широкоугольной камеры, а также поместить внутри современную систему оптической стабилизации.\r\nБольше деталей, больше подробностей\r\nЗа счет того, что новая широкоугольная камера улавливает на 47% больше света, она способна запечатлеть больше деталей в темных областях снимка. Усовершенствованная система оптической стабилизации со сдвигом матрицы дает возможность получать четкие и плавные кадры практически в любых условиях сьемки.\r\nПочувствуйте себя режиссером\r\nВ режиме Киноэффект вы можете использовать прием перевода фокуса с одного объекта сьемки на другой с изменением резкости для получения превосходных видео, заслуживающих большого экрана. Интеллектуальные алгоритмы самостоятельно определяют, когда перевод фокуса создаст максимальный эффект, и применяют его автоматически. Хотите отредактировать видео уже после сьемки? Добавляйте эффект художественного размытия и перемещайте фокус парой касаний. Проще не бывает.\r\nКаждому фото свой режим\r\nВ ночном режиме даже при слабом освещении получаются яркие и насыщенные фотографии. Режим Портрет с шестью эффектами освещения мягко размывает фон, чтобы выдвинуть объект сьемки на первый план. Режим Smart HDR 4 определяет до четырех человек в кадре и индивидуально оптимизирует параметры сьемки для каждого. В режиме Воспоминания в приложении Фото можно создать слайд-шоу из любимых фотографий и видео с добавлением музыкального сопровождения из медиатеки.\r\nФотографические стили - это что-то новенькое\r\nФотографические стили помогают расставить акценты в кадре и сделать ваши фото эмоциональными. В отличие от фильтров, стили не затрагивают тон кожи людей, воздействуя индивидуально на каждую область на снимке. Выбирайте стиль Красочный, чтобы раскрасить фото в яркие цвета, стили Теплый и Прохладный усилят мягкие золотистые или синие тона, Насыщенный стиль добавит глубину цветам и сделает тени более выразительными. Выбирайте понравившийся стиль, и в дальнейшем он автоматически будет применяться ко всем фотографиям, пока вы сами его не измените.\r\nПотрясающие селфи\r\nТеперь все новейшие функции и режимы доступны на селфи-камере. Ваши селфи великолепны, как никогда раньше. Face ID, которая базируется на работе камеры TrueDepth и процессора А15, обеспечивает новый уровень безопасности для личных данных.\r\nСупер-четкий супер-яркий дисплей Super Retina XDR\r\nЯркость нового OLED дисплея возросла на 28% - до 800 кд/м2. Теперь на дисплее все четко видно даже на ярком солнце. А при просмотре контента в HDR яркость возрастает до 1200 кд/м2, чтобы вы могли различать малейшие нюансы черного и белого в любой сцене. Естественная и максимально точная цветопередача достигается благодаря широкому цветовому охвату, отвечающему профессиональным стандартам киноиндустрии. Благодаря высокой плотности пикселей любое изображение на дисплее выглядит невероятно четко.\r\nПотрясающий A15 Bionic\r\nУникальный чип A15 Bionic обеспечивает плавную и быструю работу режимов и фотостилей камеры, надежную защиту личных данных, увеличенное время автономной работы и не только. Скорость работы процессора выше до 50%, а скорость обработки графики - на 30% выше по сравнению с большинством других смартфонов.', 1, 1, 1),
(15, 'Смартфон Samsung Galaxy S21 Ultra 512 ГБ черный (SM-G998BZKHSER)', 2, 1332133, 1782, 1, 'Samsung', 'Ultra означает лучший во всем\r\nGalaxy S21 Ultra с уникальной камерой 108 Мп с контурной обрезкой совершил переворот в мобильной фотографии. Кинематографическое видео в формате 8К — это еще не все. Теперь вы сможете разбивать его на отдельные кадры и получать фото в превосходном качестве. Самый современный процессор Galaxy, стандарт 5G и интеллектуальная батарея обеспечивают новый уровень свободы.\r\n\r\nЛаконичная элегантность\r\nОцените изящный дизайн Galaxy и насыщенные оттенки Ultra и сделайте свой выбор из двух доступных фантом цветов.\r\n\r\nЛучше один раз увидеть\r\n6,8-дюймовый суперплавный 120 Гц INFINITY-O дисплей с технологией Dynamic AMOLED 2Х обеспечивает потрясающее качество изображения со 100 % объемом цвета и улучшенной контрастностью. Оптимизация частоты обновления в зависимости от просматриваемого контента снижает нагрузку на батарею. Совместимость с пером S Pen обеспечивает уникальную точность управления. Чтобы обеспечить комфортный просмотр, технология Dynamic AMOLED уменьшает интенсивность тяжелого для глаз голубого света, не меняя цветов и оттенков на экране.\r\n\r\nПрочное стекло Gorilla Glass\r\nСамое прочное из когда-либо используемых в смартфонах защитное стекло Gorilla Glass Victum обеспечивает надежную двустороннюю защиту от царапин и последствий износа.\r\n\r\nТакого в кино не увидишь\r\nСнимайте видео в потрясающем разрешении 8К, которое по четкости и плотности пикселей в 4 раза превосходит разрешение 4К. Транслируйте ролики на большом экране, загружайте их на YouTube, чтобы поделиться своими впечатлениями. 8K Video Snap поможет получить превосходную фотографию прямо из видео 8К. Используйте S Pen при редактировании и выборе кадров, чтобы получить точность, которой нельзя добиться с помощью пальцев.\r\n\r\nСуперстабилизацию включить\r\nПри включенной Super Steady ваш Galaxy S21 Ultra снимает плавные и четкие видео, которые не уступают роликам, снятым на продвинутую экшн-камеру. Super Smooth 60fps Video автоматически регулирует частоту кадров для получения идеального видео при любом освещении.\r\n\r\nИдеальный кадр — это просто\r\nПользуйтесь профессиональным набором объективов и получайте фотографии профессионального качества. Революционная широкоугольная камера 108 Мп, ультраширокоугольная камера 12 Мп, камеры с телеобъективами 10 Мп и селфи камера 40 Мп открывают неограниченные возможности для фототворчества.\r\n\r\nТакого разрешения еще не было\r\n108-megapixel camera передает столько деталей, цветов и оттенков, не всегда доступных невооруженному глазу, что объекты в кадре выглядят невероятно четкими и реальными даже на ярком солнце.\r\n\r\n100-кратный зум\r\nСистема двойного зумма Dual Zoom сохраняет четкость контуров даже удаленных объектов и позволяет снимать издалека. Функция Zoom Lock стабилизирует снимки и уменьшает влияние дрожащей руки на качество фото.\r\n\r\nОбновленный портретный режим\r\nСтудийное качество портретов теперь доступно простым нажатием Портретный режим на ИИ анализирует сцену, лицо, освещение и обеспечивает получение отличных портретов без необходимости редактирования.\r\n\r\nНочные фото яркие как днем\r\nДатчик Bright Night в ночном режиме съемки улавливает и усиливает яркие и насыщенные цвета и передает их на фото. Не ограничивайте творчество временем суток и делайте превосходные фото с уменьшенным количеством шума при недостаточном освещении.\r\n\r\nВсегда на шаг впереди\r\nОцените ультрабыстрый и самый производительный в линейке Galaxy 5нм процессор с ускоренным обучением и увеличенным интеллектом, который гарантирует мгновенное выполнение любой поставленной задачи. Почувствуйте на личном опыте, что значит быть Ultra во всем.\r\n\r\nЗащита на всех уровнях\r\nSamsung Knox защитит устройство на аппаратном уровне от несанкционированных вторжений и вредоносных программ. Ультразвуковой сканер отпечатков безошибочно распознают трехмерный оттиск пальца и за доли секунды совершает разблокировку. Galaxy S21 Ultra надежно защищен по стандарту IP68, благодаря чему он не боится дождливой погоды и случайных брызг.\r\n\r\nЗаряда хватит на целый день\r\nИнтеллектуальная батарея емкостью 5000 мАч позволяет Galaxy S21 Ultra работать целый день без необходимости подзарядки. Используя быструю зарядку Super Fast Charging мощностью 25 Вт, можно подзарядить батарею на 50 % всего за 30 минут. Fast Wireless Charging 2.0 поддерживает удобную беспроводную подзарядку. Технология Wireless PowerShare даст возможность подзарядить наушники или часы Galaxy.\r\n\r\nГиперскорость 5G\r\nHyperFast 5G всего за несколько минут загрузить целый сезон любимого сериала. Совместимый с 5G процессор позволяет оставаться на связи во время загрузки. Новый Wi-Fi 6E поддерживает высокую скорость и стабильное соединение, где бы вы ни находились. Dual SIM дает возможность пользоваться преимуществами разных операторов.', 1, 1, 1),
(16, 'Смартфон Xiaomi 11T Pro Celestial Blue 6.67 12/256GB (34888)', 2, 1480144, 771, 1, 'Xiaomi', 'Xiaomi 11T Pro с профессиональной камерой 108 Мп выводит мастерство мобильной фотографии на абсолютно новый уровень. 6,67-дюймовый AdaptiveSync AMOLED дисплей с частотой обновления 120 Гц обеспечивает незабываемые впечатления от использования. Аккумулятор емкостью 5000 мАч и турбозарядка 120 Вт гарантируют полную свободу в течение целого дня.\r\nС профессиональной системой камер и AI алгоритмами вы можете создавать настоящие кинематографические работы для большого экрана. Пять видов спецэффектов дают возможность креативно подойти к созданию клипов. Функция Audio Zoom и три встроенных микрофона позволяют добиться идеальной синхронизации видео и аудио ряда: при приближении объекта звук становится громче, при его удалении звук стихает.\r\nПрофессиональная камера 108 Мп с интеллектуальными алгоритмами снимает фото в потрясающем качестве, сделанные как на ярком дневном свете, так и в темноте.\r\nТелемакрокамера 5 Мп с автоматической фокусировкой и фокусным расстоянием 3-7 см превращает каждый снимок крошечного объекта в шедевр фотоискусства, не уступающий фотографиям, сделанным на профессиональном оборудовании.\r\nМощный 5нм процессор Snapdragon 888 5G обеспечивает прирост производительности ЦП до 25% и увеличение производительности графического процессора до 35%. Для смартфона не существует невыполнимых задач, он с легкостью справляется с ресурсоемкими приложениями и любыми требовательными играми, обеспечивая превосходный пользовательский опыт.\r\nБатарея емкостью 5000 мАч - это возможность много часов подряд пользоваться Xiaomi 11T Pro без подзарядки. Ультрабыстрая зарядка HyperCharge мощностью 120 Вт поможет всего за 17 минут полностью зарядить батарею, а это меньше, чем время одного кофе-брейка. Всего 10 минут подзарядки, и вам обеспечено до 11 часов звонков или до 7 часов просмотра видео.\r\nFHD+ 6,67-дюймовый AMOLED дисплей воспроизводит более 1 миллиарда оттенков и предлагает беспрецедентную точность передачи цветов и деталей. Поддержка технологии HDR10+ обеспечивает изображению невероятную четкость и глубину в самых ярких и темных сценах.\r\nЧастота обновления до 120 Гц и частота дискретизации до 480 Гц обеспечивают максимальную точность сенсорного управления и плавное воспроизведение любых динамичных сцен. Интеллектуальные технологии автоматически регулируют частоту обновления в зависимости от контента. Это позволяет более экономно расходовать ресурс батареи и гарантирует превосходный пользовательский опыт.\r\nВ смартфоне используются двойные динамики, транслирующие мощное объемное звучание на 360 градусов. Ведущее аппаратное обеспечение и технология Dolby Atmos гарантируют, что на любом уровне громкости звук поразит вас своей насыщенностью и чистотой. Поддержка Dolby Vision придает изображению потрясающую яркость и контрастность. С Xiaomi 11T Pro каждый просмотр превращается в грандиозное событие.', 1, 1, 1),
(17, 'Смартфон Xiaomi Redmi Note 10 Pro 128 ГБ голубой (33192)', 2, 1365117, 403, 1, 'Xiaomi', 'Redmi Note 10 Pro\r\nУвидьте мир в 108 Мп\r\n120 Гц AMOLED · 33-ваттная быстрая зарядка\r\nРазрушайте рамки вместе с Redmi Note 10 Series\r\nОт Антарктиды до космоса - смартфоны линейки Redmi Note покорили весь мир. Мы снова и снова бросаем вызов трудностям, чтобы в очередной раз превзойти ваши ожидания. Теперь настала ваша очередь! Разрушьте рамки привычного и узнайте, на что вы способны.\r\nНовый уровень детализации\r\nОсновная камера с разрешением 108 Мп позволяет делать сверхчеткие снимки. Увеличьте фото, чтобы увидеть забавные и неожиданные детали.\r\nТри вида передовых технологий для ночной съемки\r\nОсновная камера с поддержкой технологии Dual Native ISO позволяет делать снимки с более высоким динамическим диапазоном, детализацией, а также обеспечивает контроль шума профессионального уровня. Благодаря технологии объединения пикселей 9-в-1 их размер может быть увеличен до 2,1 мкм, обеспечивая улучшение светочувствительности на 900%. Ночной режим 2.0 и алгоритмы составления снимка при помощи объединения нескольких кадров с разной выдержкой позволяют добиться значительного уменьшения количества шумов на фото даже в условиях недостаточной освещенности.\r\nЕще ближе. Без потери фокуса\r\nТелемакро камера с разрешением 5 Мп позволяет делать снимки на расстоянии в 2 раза ближе, чем обычный макрообъектив, открывая вам двери в удивительный микромир.\r\nСмарт-дисплей, обеспечивающий идеальную яркость\r\nДатчики внешней освещенности с общим углом обзора 360° автоматически регулируют яркость дисплея в зависимости от текущих условий.\r\nВыходя за рамки скорости\r\nQualcomm Snapdragon 732G построен на 8-нм техпроцессе с усовершенствованной архитектурой ЦП и графического ускорителя, расширенными возможностями обработки данных и изображения. Благодаря этому устройство справится даже с самыми требовательными играми и обеспечит бесперебойную производительность.\r\nСтереодинамики для отличного звучания\r\nБольшая звуковая камера обеспечивает мощнейшее трехмерное звучание с широким диапазоном частот. Играйте в любимые игры, слушайте музыку или смотрите видео, полностью погрузившись в захватывающий и обволакивающий звук.\r\nВосхитительные визуальные и тактильные ощущения\r\nТри варианта расцветки с матовой или глянцевой отделкой. Еще более легкий и тонкий корпусx позволяет длительное время комфортно использовать устройство и наслаждаться его великолепным дизайном.', 0, 0, 1),
(18, 'Планшет Apple iPad mini 8.3 Wi-Fi 64 ГБ серый (MK7M3RU/A)', 3, 1455938, 668, 1, 'Apple', 'Мегамощь. Миниразмер.\r\nДисплей Liquid Retina на всю переднюю панель. Мощный чип A15 Bionic. Беспроводная связь 4G LTE. Четыре превосходных цвета. Воплощайте свои творческие замыслы - в любое время и в любом месте.\r\nДизайн и дисплей\r\nДисплей на всю переднюю\r\nпанель. Красиво, как ни крути.\r\nВеликолепный дисплей Liquid Retina с диагональю 8,3 дюйма занимает всю переднюю панель. Экран стал больше, но устройство осталось компактным и помещается у вас на ладони. Apple Pencil теперь можно примагнитить к боковой поверхности iPad mini - так он будет всегда под рукой.\r\nПроизводительность\r\nЭтот малый железно мощный.\r\nПовышенная производительность. Новый чип A15 Bionic и аккумулятор, которого хватит на целый день, - с ними вы можете работать, творить и играть где угодно. Редактируйте фото и видео, играйте в игры со сложной графикой и пользуйтесь невероятными инструментами дополненной реальности.\r\nВозможности подключения\r\nРаботайте на лету. Скачивайте на ходу.\r\nБлагодаря 4G LTE, Wi-Fi 6 и USB-C вы сможете общаться по FaceTime, смотреть видео в интернете, играть и вести совместные проекты где угодно.\r\nКамеры\r\nСверхширокоугольная камера. Интересный поворот.\r\nОбщение по видеосвязи стало\r\nживым и естественным благодаря сверхширокоугольной фронтальной камере 12 Мп и функции В центре внимания. А широкоугольная камера 12 Мп на задней панели позволяет снимать яркие фото, записывать видео 4K и сканировать документы.\r\nАксессуары\r\nApple Pencil. Smart Folio. Аксессуары первой необходимости.\r\niPad mini теперь поддерживает Apple Pencil 2-го поколения. Он примагничивается к устройству и заряжается без проводов. А яркая обложка Smart Folio защитит iPad mini и легко превратится в удобную подставку.\r\niPadOS и приложения\r\nРабота как по волшебству.\r\niPadOS - это мощная и простая в использовании система, которая сразу готова к работе. А в App Store доступно более миллиона приложений для iPad - среди них легко найти необходимые именно вам.', 1, 1, 1),
(19, 'Планшет Huawei MatePad Pro 10.8 128 ГБ LTE серый (MRX-AL09/53010YUY)', 3, 1203908, 617, 1, 'Huawei', 'С планшет Huawei Matepad Pro MRX-AL09 вы сможете погрузиться в мир игр, наслаждаться потоковой трансляцией видео, с комфортом слушать любимую музыку. Модель с экраном диагональю 10.8″ задействует в работе технологию IPS, с которой изображение приобретает разрешение 2560×1600, отличаясь реалистичностью и высокой четкостью. Вы насладитесь полным спектром цветов, богатством их оттенком, получая максимально качественное и комфортное изображение.\r\nHuawei Matepad Pro MRX-AL09 работает на Android 10.x и берет за основу процессор, способный функционировать на частоте 8×2.86 ГГц. Взаимодействуя с оперативным модулем объемом 6 ГБ, он позволяет достичь высокой производительной мощи и комфортной работы в многозадачном режиме. Аккумулятор емкостью 7250 мА ч обеспечит долгое функционирование планшета: вам будет доступно 40 часов в режиме разговора с использованием 3G. Аппарат с поддержкой ГЛОНАСС и GPS станет идеальным спутником в поездках, позволяя определить путь движения в назначенную точку.', 1, 1, 0);

-- --------------------------------------------------------

--
-- Структура таблицы `product_order`
--

CREATE TABLE `product_order` (
  `id` int NOT NULL,
  `user_name` varchar(255) NOT NULL,
  `user_phone` varchar(255) NOT NULL,
  `user_comment` text NOT NULL,
  `user_id` int DEFAULT NULL,
  `date` timestamp NOT NULL DEFAULT CURRENT_TIMESTAMP,
  `products` text NOT NULL,
  `status` int NOT NULL DEFAULT '1'
) ENGINE=MyISAM DEFAULT CHARSET=utf8mb3;

--
-- Дамп данных таблицы `product_order`
--

INSERT INTO `product_order` (`id`, `user_name`, `user_phone`, `user_comment`, `user_id`, `date`, `products`, `status`) VALUES
(1, 'Александр', '89170000000', 'Здравствуйте, возможно оформить доставку?', 1, '2021-11-14 17:56:25', '{\"15\":1,\"6\":1}', 4),
(2, 'Виктор', '89520000000', '', 1, '2021-11-14 17:57:28', '{\"4\":8}', 2),
(3, 'Олеся', '89560000000', 'Подъеду на склад', 1, '2021-11-14 17:59:08', '{\"18\":1}', 3),
(4, 'Максим', '89173951370', '', 1, '2021-11-14 17:59:56', '{\"6\":1}', 2),
(5, 'Администратор', '89173951370', 'нужна доставка', 1, '2021-12-25 12:40:38', '{\"18\":2}', 1);

-- --------------------------------------------------------

--
-- Структура таблицы `user`
--

CREATE TABLE `user` (
  `id` int NOT NULL,
  `name` varchar(255) NOT NULL,
  `email` varchar(255) NOT NULL,
  `password` varchar(255) NOT NULL,
  `role` varchar(50) NOT NULL
) ENGINE=InnoDB DEFAULT CHARSET=utf8mb3;

--
-- Дамп данных таблицы `user`
--

INSERT INTO `user` (`id`, `name`, `email`, `password`, `role`) VALUES
(1, 'Администратор', 'store@mail.ru', 'store@mail.ru', 'admin');

--
-- Индексы сохранённых таблиц
--

--
-- Индексы таблицы `category`
--
ALTER TABLE `category`
  ADD PRIMARY KEY (`id`);

--
-- Индексы таблицы `product`
--
ALTER TABLE `product`
  ADD PRIMARY KEY (`id`);

--
-- Индексы таблицы `product_order`
--
ALTER TABLE `product_order`
  ADD PRIMARY KEY (`id`);

--
-- Индексы таблицы `user`
--
ALTER TABLE `user`
  ADD PRIMARY KEY (`id`);

--
-- AUTO_INCREMENT для сохранённых таблиц
--

--
-- AUTO_INCREMENT для таблицы `category`
--
ALTER TABLE `category`
  MODIFY `id` int NOT NULL AUTO_INCREMENT, AUTO_INCREMENT=6;

--
-- AUTO_INCREMENT для таблицы `product`
--
ALTER TABLE `product`
  MODIFY `id` int NOT NULL AUTO_INCREMENT, AUTO_INCREMENT=20;

--
-- AUTO_INCREMENT для таблицы `product_order`
--
ALTER TABLE `product_order`
  MODIFY `id` int NOT NULL AUTO_INCREMENT, AUTO_INCREMENT=6;

--
-- AUTO_INCREMENT для таблицы `user`
--
ALTER TABLE `user`
  MODIFY `id` int NOT NULL AUTO_INCREMENT, AUTO_INCREMENT=2;
COMMIT;

/*!40101 SET CHARACTER_SET_CLIENT=@OLD_CHARACTER_SET_CLIENT */;
/*!40101 SET CHARACTER_SET_RESULTS=@OLD_CHARACTER_SET_RESULTS */;
/*!40101 SET COLLATION_CONNECTION=@OLD_COLLATION_CONNECTION */;
